model	mode	startdt	enddt	duration	offdays	notes
alice_kosmos	online	2021-03-02T22:00Z	2021-03-03T05:45Z	465		
alice_kosmos	online	2021-03-03T22:30Z	2021-03-04T06:52Z	502		
alice_kosmos	online	2021-03-04T23:24Z	2021-03-05T07:22Z	478		
alice_kosmos	online	2021-03-05T23:45Z	2021-03-06T08:28Z	523		
alice_kosmos	online	2021-03-06T22:36Z	2021-03-07T05:46Z	430		
alice_kosmos	online	2021-03-09T23:09Z	2021-03-10T01:22Z	133	2	
alice_kosmos	online	2021-03-11T22:33Z	2021-03-12T05:01Z	388	1	
alice_kosmos	online	2021-03-15T00:57Z	2021-03-15T07:13Z	376	2	
alice_kosmos	online	2021-03-15T22:45Z	2021-03-16T06:49Z	484		
alice_kosmos	online	2021-03-17T01:54Z	2021-03-17T06:46Z	292		
alice_kosmos	online	2021-03-17T22:48Z	2021-03-18T06:28Z	460		
alice_kosmos	online	2021-03-18T23:15Z	2021-03-19T08:19Z	544		
alice_kosmos	online	2021-03-20T22:39Z	2021-03-21T07:37Z	538	1	
alice_kosmos	online	2021-03-22T00:03Z	2021-03-22T08:22Z	499		
alice_kosmos	online	2021-03-22T23:36Z	2021-03-23T07:28Z	472		
alice_kosmos	online	2021-03-23T23:09Z	2021-03-24T07:40Z	511		
alice_kosmos	online	2021-03-24T23:42Z	2021-03-25T06:10Z	388		
alice_kosmos	online	2021-03-25T21:33Z	2021-03-26T06:04Z	511		
alice_kosmos	online	2021-03-27T22:42Z	2021-03-28T06:07Z	445	1	
alice_kosmos	online	2021-03-28T23:45Z	2021-03-29T08:01Z	496		
alice_kosmos	online	2021-03-29T21:54Z	2021-03-30T07:04Z	550		
alice_kosmos	online	2021-03-30T22:48Z	2021-03-31T07:49Z	541		offline 01:28 to 01:56
alice_kosmos	online	2021-03-31T22:12Z	2021-04-01T06:22Z	490		
alice_kosmos	online	2021-04-01T22:39Z	2021-04-02T06:37Z	478		
alice_kosmos	online	2021-04-04T00:48Z	2021-04-04T08:52Z	484	1	
alice_kosmos	online	2021-04-04T23:21Z	2021-04-05T08:25Z	544		
alice_kosmos	online	2021-04-07T22:27Z	2021-04-08T06:19Z	472	2	
alice_kosmos	online	2021-04-09T23:30Z	2021-04-10T08:31Z	541	1	
alice_kosmos	online	2021-04-12T22:51Z	2021-04-13T05:07Z	376	2	
alice_kosmos	online	2021-04-15T01:09Z	2021-04-15T08:07Z	418	1	
alice_kosmos	online	2021-04-16T01:03Z	2021-04-16T06:40Z	337		
alice_kosmos	online	2021-04-18T00:39Z	2021-04-18T07:16Z	397	1	
alice_kosmos	online	2021-04-19T00:18Z	2021-04-19T04:54Z	276		
alice_kosmos	online	2021-04-21T23:36Z	2021-04-22T09:04Z	568	2	
alice_kosmos	online	2021-04-22T23:27Z	2021-04-23T07:04Z	457		
alice_kosmos	online	2021-04-24T00:00Z	2021-04-24T06:04Z	364		
alice_kosmos	online	2021-04-24T23:42Z	2021-04-25T08:01Z	499		
alice_kosmos	online	2021-04-26T23:33Z	2021-04-27T06:49Z	436	1	
alice_kosmos	online	2021-04-28T00:21Z	2021-04-28T05:52Z	331		
alice_kosmos	online	2021-04-28T23:18Z	2021-04-29T06:04Z	406		
alice_kosmos	online	2021-04-30T00:00Z	2021-04-30T05:43Z	343		
alice_kosmos	online	2021-05-01T00:09Z	2021-05-01T03:46Z	217		
alice_kosmos	online	2021-05-01T23:48Z	2021-05-02T06:40Z	412		
alice_kosmos	online	2021-05-02T23:51Z	2021-05-03T06:28Z	397		
alice_kosmos	online	2021-05-05T23:45Z	2021-05-06T07:49Z	484	2	
alice_kosmos	online	2021-05-07T00:09Z	2021-05-07T07:40Z	451		
alice_kosmos	online	2021-05-08T00:12Z	2021-05-08T05:31Z	319		
alice_kosmos	online	2021-05-09T00:24Z	2021-05-09T08:19Z	475		
alice_kosmos	online	2021-05-10T00:12Z	2021-05-10T06:40Z	388		
alice_kosmos	online	2021-05-10T23:57Z	2021-05-11T07:55Z	478		
alice_kosmos	online	2021-05-12T00:15Z	2021-05-12T07:16Z	421		
alice_kosmos	online	2021-05-14T23:12Z	2021-05-15T04:07Z	295	2	
alice_kosmos	online	2021-05-17T00:39Z	2021-05-17T04:13Z	214	1	
alice_kosmos	online	2021-05-19T01:06Z	2021-05-19T09:43Z	517	1	
alice_kosmos	online	2021-05-20T01:09Z	2021-05-20T08:40Z	451		
alice_kosmos	online	2021-05-20T23:54Z	2021-05-21T05:37Z	343		
alice_kosmos	online	2021-05-23T02:42Z	2021-05-23T06:52Z	250	1	offline 06:52 to 07:56
alice_kosmos	online	2021-05-23T07:57Z	2021-05-23T10:37Z	160		
alice_kosmos	online	2021-05-24T01:15Z	2021-05-24T04:46Z	211		
alice_kosmos	online	2021-05-25T22:39Z	2021-05-26T04:49Z	370	1	
alice_kosmos	online	2021-05-27T02:33Z	2021-05-27T08:25Z	352		
alice_kosmos	online	2021-05-28T00:42Z	2021-05-28T04:34Z	232		
alice_kosmos	online	2021-05-29T05:03Z	2021-05-29T11:31Z	388		
alice_kosmos	online	2021-05-30T01:24Z	2021-05-30T07:04Z	340		
alice_kosmos	online	2021-05-31T03:24Z	2021-05-31T05:10Z	106		
alice_kosmos	online	2021-06-03T05:36Z	2021-06-03T12:10Z	394	2	
alice_kosmos	online	2021-06-04T07:03Z	2021-06-04T13:55Z	412		
alice_kosmos	online	2021-06-05T05:24Z	2021-06-05T13:22Z	478		
alice_kosmos	online	2021-06-06T05:24Z	2021-06-06T11:37Z	373		
alice_kosmos	online	2021-06-10T06:15Z	2021-06-10T08:07Z	112	3	
alice_kosmos	online	2021-06-11T19:21Z	2021-06-12T00:28Z	307		
alice_kosmos	online	2021-06-13T19:00Z	2021-06-14T01:58Z	418	1	
alice_kosmos	online	2021-06-14T17:43Z	2021-06-15T03:55Z	612		
alice_kosmos	online	2021-06-19T13:18Z	2021-06-19T16:55Z	217	3	
alice_kosmos	online	2021-06-21T17:00Z	2021-06-22T01:28Z	508	1	
alice_kosmos	online	2021-06-23T18:18Z	2021-06-24T03:52Z	574	1	
alice_kosmos	online	2021-06-25T15:42Z	2021-06-25T18:58Z	196	1	
alice_kosmos	online	2021-06-25T22:27Z	2021-06-26T03:31Z	304		
alice_kosmos	online	2021-06-26T22:09Z	2021-06-27T05:34Z	445		
alice_kosmos	online	2021-06-27T14:09Z	2021-06-27T19:16Z	307		offline 15:52 to 16:14
alice_kosmos	online	2021-06-28T21:54Z	2021-06-29T05:01Z	427		
alice_kosmos	online	2021-06-29T20:54Z	2021-06-30T03:52Z	418		
alice_kosmos	online	2021-07-01T22:03Z	2021-07-02T05:10Z	427	1	
alice_kosmos	online	2021-07-02T21:00Z	2021-07-03T05:40Z	520		
alice_kosmos	online	2021-07-03T23:03Z	2021-07-04T07:49Z	526		
alice_kosmos	online	2021-07-05T22:15Z	2021-07-06T05:22Z	427	1	
alice_kosmos	online	2021-07-07T21:00Z	2021-07-08T06:52Z	592	1	
alice_kosmos	online	2021-07-09T22:42Z	2021-07-10T02:22Z	220	1	
alice_kosmos	online	2021-07-12T20:57Z	2021-07-13T07:01Z	604	2	
alice_kosmos	online	2021-07-13T21:42Z	2021-07-14T05:01Z	439		
alice_kosmos	online	2021-07-14T23:48Z	2021-07-15T05:46Z	358		
alice_kosmos	online	2021-07-15T22:33Z	2021-07-16T07:49Z	556		
alice_kosmos	online	2021-07-16T21:30Z	2021-07-17T04:43Z	433		
alice_kosmos	online	2021-07-19T23:30Z	2021-07-20T05:52Z	382	2	
alice_kosmos	online	2021-07-21T00:00Z	2021-07-21T08:46Z	526		offline 05:14 to 06:17
alice_kosmos	online	2021-07-22T00:06Z	2021-07-22T04:37Z	271		
alice_kosmos	online	2021-07-23T00:39Z	2021-07-23T09:22Z	523		offline 05:19 to 05:56
alice_kosmos	online	2021-07-23T22:27Z	2021-07-24T06:28Z	481		
alice_kosmos	online	2021-07-25T00:03Z	2021-07-25T09:25Z	562		
alice_kosmos	online	2021-07-26T00:39Z	2021-07-26T06:25Z	346		
alice_kosmos	online	2021-07-27T00:00Z	2021-07-27T07:46Z	466		
alice_kosmos	online	2021-07-27T22:36Z	2021-07-28T06:10Z	454		
alice_kosmos	online	2021-07-28T23:12Z	2021-07-29T08:31Z	559		
alice_kosmos	online	2021-07-31T00:12Z	2021-07-31T07:01Z	409		
alice_kosmos	online	2021-08-04T01:09Z	2021-08-04T07:43Z	394	3	
alice_kosmos	online	2021-08-05T02:33Z	2021-08-05T08:55Z	382		
alice_kosmos	online	2021-08-06T01:27Z	2021-08-06T09:58Z	511		
alice_kosmos	online	2021-08-07T01:33Z	2021-08-07T10:04Z	511		
alice_kosmos	online	2021-08-08T22:57Z	2021-08-09T09:01Z	604	1	
alice_kosmos	online	2021-08-09T23:21Z	2021-08-10T07:40Z	499		
alice_kosmos	online	2021-08-10T21:18Z	2021-08-11T06:07Z	529		
alice_kosmos	online	2021-08-12T21:24Z	2021-08-13T05:34Z	490	1	
alice_kosmos	online	2021-08-13T21:39Z	2021-08-14T05:13Z	454		
alice_kosmos	online	2021-08-14T22:27Z	2021-08-15T07:34Z	547		
alice_kosmos	online	2021-08-18T02:36Z	2021-08-18T08:28Z	352	2	
alice_kosmos	online	2021-08-19T03:12Z	2021-08-19T10:16Z	424		
alice_kosmos	online	2021-08-24T05:12Z	2021-08-24T11:10Z	358	4	
alice_kosmos	online	2021-08-25T06:27Z	2021-08-25T12:40Z	373		
alice_kosmos	online	2021-08-26T11:15Z	2021-08-26T18:58Z	463		
alice_kosmos	online	2021-08-28T17:15Z	2021-08-29T02:31Z	556	1	
alice_kosmos	online	2021-09-01T16:57Z	2021-09-02T04:01Z	664	3	
alice_kosmos	online	2021-09-03T20:18Z	2021-09-04T04:25Z	487	1	
alice_kosmos	online	2021-09-04T19:57Z	2021-09-05T03:55Z	478		
alice_kosmos	online	2021-09-05T19:42Z	2021-09-06T02:16Z	394		
alice_kosmos	online	2021-09-08T19:12Z	2021-09-09T05:22Z	610	2	
alice_kosmos	online	2021-09-09T19:54Z	2021-09-10T05:13Z	559		
alice_kosmos	online	2021-09-10T23:42Z	2021-09-11T05:49Z	367		
alice_kosmos	online	2021-09-11T20:54Z	2021-09-12T03:46Z	412		offline 01:16 to 02:14
alice_kosmos	online	2021-09-12T22:51Z	2021-09-13T00:58Z	127		
alice_kosmos	online	2021-09-13T22:03Z	2021-09-14T05:19Z	436		
alice_kosmos	online	2021-09-15T00:12Z	2021-09-15T05:54Z	342		
alice_kosmos	online	2021-09-15T21:45Z	2021-09-16T08:46Z	661		
alice_kosmos	online	2021-09-16T22:15Z	2021-09-17T09:07Z	652		offline 04:58 to 05:41
alice_kosmos	online	2021-09-17T22:27Z	2021-09-18T06:37Z	490		
alice_kosmos	online	2021-09-18T22:15Z	2021-09-19T04:55Z	400		
alice_kosmos	online	2021-09-19T23:24Z	2021-09-20T03:49Z	265		
alice_kosmos	online	2021-09-20T23:45Z	2021-09-21T08:39Z	534		
alice_kosmos	online	2021-09-22T23:27Z	2021-09-23T10:07Z	640	1	offline 06:25 to 07:17
alice_kosmos	online	2021-09-23T23:39Z	2021-09-24T10:19Z	640		offline 03:46 to 04:11
alice_kosmos	online	2021-09-25T00:33Z	2021-09-25T07:52Z	439		
alice_kosmos	online	2021-09-25T21:54Z	2021-09-26T09:25Z	691		
alice_kosmos	online	2021-09-26T22:06Z	2021-09-27T04:07Z	361		
alice_kosmos	online	2021-09-28T22:45Z	2021-09-29T09:55Z	670	1	
alice_kosmos	online	2021-10-04T01:39Z	2021-10-04T09:07Z	448	4	
alice_kosmos	online	2021-10-08T03:09Z	2021-10-08T11:25Z	496	3	
alice_kosmos	online	2021-10-13T03:54Z	2021-10-13T05:22Z	88	4	
alice_kosmos	online	2021-10-13T23:30Z	2021-10-14T06:58Z	448		
alice_kosmos	online	2021-10-14T23:21Z	2021-10-15T06:49Z	448		
alice_kosmos	online	2021-10-16T00:15Z	2021-10-16T08:28Z	493		
alice_kosmos	online	2021-10-17T22:54Z	2021-10-18T08:37Z	583	1	
alice_kosmos	online	2021-10-19T00:03Z	2021-10-19T08:01Z	478		
alice_kosmos	online	2021-10-21T01:36Z	2021-10-21T06:10Z	274	1	
alice_kosmos	online	2021-10-25T04:00Z	2021-10-25T09:25Z	325	3	
alice_kosmos	online	2021-10-26T22:03Z	2021-10-27T00:55Z	172	1	
alice_kosmos	online	2021-10-30T20:27Z	2021-10-31T02:55Z	388	3	
alice_kosmos	online	2021-11-02T00:15Z	2021-11-02T06:16Z	361	1	
alice_kosmos	online	2021-11-03T22:48Z	2021-11-04T04:37Z	349	1	
alice_kosmos	online	2021-11-08T21:54Z	2021-11-09T05:10Z	436	4	
alice_kosmos	online	2021-11-11T22:57Z	2021-11-12T06:49Z	472	2	
alice_kosmos	online	2021-11-13T21:57Z	2021-11-14T05:01Z	424	1	
alice_kosmos	online	2021-11-14T21:15Z	2021-11-15T05:37Z	502		
alice_kosmos	online	2021-11-17T21:42Z	2021-11-18T04:19Z	397	2	
alice_kosmos	online	2021-11-18T20:39Z	2021-11-19T03:16Z	397		
alice_kosmos	online	2021-11-22T23:06Z	2021-11-23T05:34Z	388	3	
alice_kosmos	online	2021-11-23T23:54Z	2021-11-24T05:22Z	328		
alice_kosmos	online	2021-11-25T00:45Z	2021-11-25T02:43Z	118		
alice_kosmos	online	2021-11-27T22:48Z	2021-11-28T06:04Z	436	2	
alice_kosmos	online	2021-11-29T00:00Z	2021-11-29T06:07Z	367		
alice_kosmos	online	2021-11-29T23:21Z	2021-11-30T02:55Z	214		
alice_kosmos	online	2021-12-03T00:12Z	2021-12-03T06:49Z	397	2	
alice_kosmos	online	2021-12-07T22:24Z	2021-12-08T07:13Z	529	4	offline 03:04 to 05:17
alice_kosmos	online	2021-12-14T22:21Z	2021-12-15T04:52Z	391	6	
alice_kosmos	online	2021-12-18T00:57Z	2021-12-18T06:04Z	307	2	
alice_kosmos	online	2021-12-24T20:51Z	2021-12-25T01:49Z	298	6	
alice_kosmos	online	2022-01-03T21:36Z	2022-01-04T03:28Z	352	9	
alice_kosmos	online	2022-01-04T21:18Z	2022-01-05T04:16Z	418		
alice_kosmos	online	2022-01-05T22:15Z	2022-01-06T03:04Z	289		
alice_kosmos	online	2022-01-07T21:45Z	2022-01-08T02:58Z	313	1	
alice_kosmos	online	2022-01-11T21:33Z	2022-01-12T03:01Z	328	3	
alice_kosmos	online	2022-01-19T22:51Z	2022-01-20T04:10Z	319	7	
alice_kosmos	online	2022-01-22T23:15Z	2022-01-23T05:25Z	370	2	
alice_kosmos	online	2022-01-23T23:00Z	2022-01-24T04:10Z	310		
alice_kosmos	online	2022-01-26T22:45Z	2022-01-27T04:10Z	325	2	
alice_kosmos	online	2022-02-02T22:24Z	2022-02-03T01:52Z	208	6	
alice_kosmos	online	2022-02-03T21:57Z	2022-02-04T03:25Z	328		
alice_kosmos	online	2022-02-04T22:54Z	2022-02-05T04:22Z	328		
alice_kosmos	online	2022-02-06T03:00Z	2022-02-06T05:52Z	172		
alice_kosmos	online	2022-02-08T21:51Z	2022-02-09T03:22Z	331	2	
alice_kosmos	online	2022-02-09T22:30Z	2022-02-10T03:40Z	310		
alice_kosmos	online	2022-02-16T22:00Z	2022-02-17T03:31Z	331	6	
alice_kosmos	online	2022-02-20T22:18Z	2022-02-21T01:58Z	220	3	
alice_kosmos	online	2022-02-21T22:18Z	2022-02-22T03:28Z	310		degraded connectivity; offline 01:40 to 03:27
alice_kosmos	online	2022-02-23T22:48Z	2022-02-24T04:13Z	325	1	
alice_kosmos	online	2022-02-25T22:00Z	2022-02-26T04:31Z	391	1	
alice_kosmos	online	2022-02-26T22:00Z	2022-02-27T05:49Z	469		
alice_kosmos	online	2022-03-02T21:30Z	2022-03-03T04:43Z	433	3	
alice_kosmos	online	2022-03-03T21:33Z	2022-03-04T06:55Z	562		
alice_kosmos	online	2022-03-05T23:30Z	2022-03-06T05:46Z	376	1	
alice_kosmos	online	2022-03-07T01:06Z	2022-03-07T04:25Z	199		
alice_kosmos	online	2022-03-07T23:45Z	2022-03-08T08:28Z	523		
alice_kosmos	online	2022-03-09T22:42Z	2022-03-10T04:43Z	361	1	
alice_kosmos	online	2022-03-10T23:33Z	2022-03-11T05:19Z	346		
alice_kosmos	online	2022-03-11T22:18Z	2022-03-12T05:57Z	459		offline 03:10 to 03:53
alice_kosmos	online	2022-03-24T21:09Z	2022-03-25T03:37Z	388	12	offline 01:07 to 02:08
alice_kosmos	online	2022-03-25T21:27Z	2022-03-26T04:39Z	432		offline 01:34 to 02:20
alice_kosmos	online	2022-03-27T22:45Z	2022-03-28T04:37Z	352	1	offline 01:49 to 02:23
alice_kosmos	online	2022-04-01T22:06Z	2022-04-02T06:01Z	475	4	offline 02:28 to 02:56
alice_kosmos	online	2022-04-02T21:39Z	2022-04-03T05:01Z	442		offline 01:58 to 02:35
alice_kosmos	online	2022-04-03T21:30Z	2022-04-04T06:16Z	526		offline 01:49 to 02:26
alice_kosmos	online	2022-04-06T21:24Z	2022-04-07T00:46Z	202	2	
alice_kosmos	online	2022-04-13T22:30Z	2022-04-14T03:49Z	319	6	
alice_kosmos	online	2022-04-14T23:12Z	2022-04-15T02:07Z	175		
alice_kosmos	online	2022-04-18T22:09Z	2022-04-19T05:34Z	445	3	offline 02:52 to 03:32
alice_kosmos	online	2022-04-21T22:09Z	2022-04-22T04:40Z	391	2	
alice_kosmos	online	2022-04-22T22:18Z	2022-04-23T04:28Z	370		
alice_kosmos	online	2022-04-23T22:39Z	2022-04-24T04:28Z	349		
alice_kosmos	online	2022-04-25T00:48Z	2022-04-25T03:22Z	154		
alice_kosmos	online	2022-04-25T23:03Z	2022-04-26T04:13Z	310		
alice_kosmos	online	2022-04-26T22:21Z	2022-04-27T06:01Z	460		
alice_kosmos	online	2022-04-28T23:06Z	2022-04-29T05:58Z	412	1	offline 02:58 to 03:32
alice_kosmos	online	2022-04-29T22:00Z	2022-04-30T03:58Z	358		
alice_kosmos	online	2022-05-02T22:39Z	2022-05-03T02:34Z	235	2	
alice_kosmos	online	2022-05-03T22:39Z	2022-05-04T05:40Z	421		
alice_kosmos	online	2022-05-05T00:57Z	2022-05-05T09:46Z	529		
alice_kosmos	online	2022-05-08T00:06Z	2022-05-08T08:58Z	532	2	
alice_kosmos	online	2022-05-10T00:42Z	2022-05-10T06:46Z	364	1	offline 04:07 to 04:59
alice_kosmos	online	2022-05-11T22:00Z	2022-05-12T04:01Z	361	1	
alice_kosmos	online	2022-05-12T21:15Z	2022-05-13T00:16Z	181		
alice_kosmos	online	2022-05-16T00:00Z	2022-05-16T07:49Z	469	2	
alice_kosmos	online	2022-05-18T19:42Z	2022-05-19T00:52Z	310	2	
alice_kosmos	online	2022-05-19T23:00Z	2022-05-20T07:25Z	505		offline 04:40 to 05:23
alice_kosmos	online	2022-05-20T22:12Z	2022-05-21T02:52Z	280		
alice_kosmos	online	2022-05-21T22:21Z	2022-05-22T07:01Z	520		offline 04:07 to 04:59
alice_kosmos	online	2022-05-26T23:42Z	2022-05-27T07:46Z	484	4	
alice_kosmos	online	2022-05-29T22:33Z	2022-05-30T04:01Z	328	2	
alice_kosmos	online	2022-05-31T22:33Z	2022-06-01T05:16Z	403		offline 03:43 to 04:14
alice_kosmos	online	2022-06-04T23:03Z	2022-06-05T04:25Z	322	3	
alice_kosmos	online	2022-06-08T22:27Z	2022-06-09T04:49Z	382	3	
alice_kosmos	online	2022-06-10T00:30Z	2022-06-10T05:04Z	274		
alice_kosmos	online	2022-06-12T21:00Z	2022-06-13T04:34Z	454	2	
alice_kosmos	online	2022-06-13T21:54Z	2022-06-14T07:04Z	550		offline 02:28 to 03:23
alice_kosmos	online	2022-06-14T22:27Z	2022-06-15T02:58Z	271		
alice_kosmos	online	2022-06-15T22:21Z	2022-06-16T02:22Z	241		
alice_kosmos	online	2022-06-16T21:15Z	2022-06-17T01:10Z	235		
alice_kosmos	online	2022-06-25T00:21Z	2022-06-25T02:16Z	115	7	
alice_kosmos	online	2022-06-26T00:12Z	2022-06-26T04:37Z	265		
alice_kosmos	online	2022-06-29T22:24Z	2022-06-30T04:13Z	349	3	offline 02:28 to 03:08
alice_kosmos	online	2022-07-02T21:39Z	2022-07-03T03:34Z	355		
alice_kosmos	online	2022-07-03T23:27Z	2022-07-04T07:31Z	484		offline 03:58 to 05:02
alice_kosmos	online	2022-07-11T03:09Z	2022-07-11T07:37Z	268	6	
alice_kosmos	online	2022-07-12T04:27Z	2022-07-12T07:34Z	187		
alice_kosmos	online	2022-07-12T14:15Z	2022-07-12T16:07Z	112		
alice_kosmos	online	2022-07-13T02:36Z	2022-07-13T07:22Z	286		
alice_kosmos	online	2022-07-16T15:15Z	2022-07-16T23:49Z	514	3	offline 16:07 to 16:32, 20:28 to 21:17
alice_kosmos	online	2022-07-21T22:57Z	2022-07-22T05:37Z	400	5	offline 04:31 to 05:05
alice_kosmos	online	2022-07-22T22:12Z	2022-07-23T06:07Z	475		offline 05:04 to 06:05
alice_kosmos	online	2022-07-23T21:57Z	2022-07-24T03:49Z	352		
alice_kosmos	online	2022-08-03T21:24Z	2022-08-04T09:37Z	733	10	offline 05:49 to 06:44
alice_kosmos	online	2022-08-04T21:48Z	2022-08-05T09:16Z	688		
alice_kosmos	online	2022-08-05T21:27Z	2022-08-06T08:37Z	670		offline 05:25 to 06:08
alice_kosmos	online	2022-08-06T21:33Z	2022-08-07T04:16Z	403		
alice_kosmos	online	2022-08-07T22:03Z	2022-08-08T09:58Z	715		offline 03:07 to 03:59
alice_kosmos	online	2022-08-08T22:54Z	2022-08-09T11:34Z	760		offline 03:07 to 03:50
alice_kosmos	online	2022-08-10T22:09Z	2022-08-11T04:01Z	352	1	
alice_kosmos	online	2022-08-11T21:39Z	2022-08-12T06:58Z	559		
alice_kosmos	online	2022-08-13T22:21Z	2022-08-14T05:58Z	457	1	offline 07:31 to 08:08
alice_kosmos	online	2022-08-15T00:03Z	2022-08-15T05:13Z	310		
alice_kosmos	online	2022-08-15T22:09Z	2022-08-16T05:28Z	439		
alice_kosmos	online	2022-08-16T22:42Z	2022-08-17T06:40Z	478		offline 03:52 to 04:41
alice_kosmos	online	2022-08-18T00:30Z	2022-08-18T03:52Z	202		
alice_kosmos	online	2022-08-22T23:57Z	2022-08-23T04:55Z	298	4	
alice_kosmos	online	2022-08-23T22:15Z	2022-08-24T09:10Z	655		offline 06:15 to 07:15
alice_kosmos	online	2022-08-30T23:06Z	2022-08-31T05:46Z	400	6	
alice_kosmos	online	2022-08-31T22:57Z	2022-09-01T10:49Z	712		offline 04:40 to 05:35
alice_kosmos	online	2022-09-02T03:18Z	2022-09-02T09:40Z	382		birthday; offline 06:15 to 07:15
alice_kosmos	online	2022-09-02T22:30Z	2022-09-03T00:48Z	138		birthday
alice_kosmos	online	2022-09-03T21:51Z	2022-09-04T04:10Z	379		
alice_kosmos	online	2022-09-06T21:48Z	2022-09-07T02:13Z	265	2	
alice_kosmos	online	2022-09-08T16:48Z	2022-09-09T03:07Z	619	1	offline 21:15 to 21:50
alice_kosmos	online	2022-09-09T21:39Z	2022-09-10T04:10Z	391		
alice_kosmos	online	2022-09-15T20:27Z	2022-09-16T02:52Z	385	5	
alice_kosmos	online	2022-09-16T22:33Z	2022-09-17T04:40Z	367		
alice_kosmos	online	2022-09-18T21:54Z	2022-09-19T05:25Z	451	1	
alice_kosmos	online	2022-09-19T22:57Z	2022-09-20T02:55Z	238		
alice_kosmos	online	2022-09-21T00:33Z	2022-09-21T05:22Z	289		
alice_kosmos	online	2022-09-22T22:39Z	2022-09-23T07:31Z	532		
alice_kosmos	online	2022-09-24T17:12Z	2022-09-25T08:01Z	889	1	
alice_kosmos	online	2022-09-25T19:12Z	2022-09-25T21:52Z	160		
alice_kosmos	online	2022-09-26T19:33Z	2022-09-27T07:49Z	736		
alice_kosmos	online	2022-09-27T20:06Z	2022-09-28T05:01Z	535		
alice_kosmos	online	2022-09-30T21:54Z	2022-10-01T09:28Z	694	2	
alice_kosmos	online	2022-10-01T22:45Z	2022-10-02T09:04Z	619		offline 02:55 to 04:38
alice_kosmos	online	2022-10-06T21:45Z	2022-10-07T08:01Z	616	4	
alice_kosmos	online	2022-10-07T18:36Z	2022-10-08T06:40Z	724		
alice_kosmos	online	2022-10-09T00:54Z	2022-10-09T04:19Z	205		
alice_kosmos	online	2022-10-09T20:42Z	2022-10-10T02:40Z	358		offline 23:37 to 00:20
alice_kosmos	online	2022-10-10T23:45Z	2022-10-11T09:40Z	595		offline 05:37 to 06:47
alice_kosmos	online	2022-10-13T01:15Z	2022-10-13T08:52Z	457	1	
alice_kosmos	online	2022-10-14T01:21Z	2022-10-14T06:58Z	337		
alice_kosmos	online	2022-10-16T01:42Z	2022-10-16T08:43Z	421	1	
alice_kosmos	online	2022-10-18T01:57Z	2022-10-18T03:40Z	103	1	
alice_kosmos	online	2022-10-28T19:39Z	2022-10-29T01:52Z	373	10	
alice_kosmos	online	2022-11-04T21:09Z	2022-11-05T05:52Z	523	6	
alice_kosmos	online	2022-11-05T21:09Z	2022-11-06T04:25Z	436		
alice_kosmos	online	2022-11-07T21:09Z	2022-11-08T04:49Z	460	1	
alice_kosmos	online	2022-11-08T22:12Z	2022-11-09T02:07Z	235		
alice_kosmos	online	2022-11-09T21:39Z	2022-11-10T05:10Z	451		
alice_kosmos	online	2022-11-10T21:57Z	2022-11-11T04:25Z	388		
alice_kosmos	online	2022-11-13T20:06Z	2022-11-14T04:55Z	529	2	
alice_kosmos	online	2022-11-16T22:06Z	2022-11-17T06:16Z	490	2	offline 23:01 to 23:26
alice_kosmos	online	2022-11-17T20:48Z	2022-11-18T06:31Z	583		
alice_kosmos	online	2022-11-18T22:09Z	2022-11-19T07:43Z	574		
alice_kosmos	online	2022-11-19T21:24Z	2022-11-20T07:19Z	595		offline 03:55 to 04:59
alice_kosmos	online	2022-11-21T22:15Z	2022-11-22T05:58Z	463	1	
alice_kosmos	online	2022-11-22T22:45Z	2022-11-23T07:43Z	538		
alice_kosmos	online	2022-11-23T23:06Z	2022-11-24T07:22Z	496		
alice_kosmos	online	2022-11-24T23:45Z	2022-11-25T10:43Z	658		
alice_kosmos	online	2022-11-25T23:21Z	2022-11-26T01:34Z	133		
alice_kosmos	online	2022-11-27T02:09Z	2022-11-27T06:22Z	253		
alice_kosmos	online	2022-11-28T22:24Z	2022-11-29T06:28Z	484	1	
alice_kosmos	online	2022-11-30T02:39Z	2022-11-30T06:40Z	241		
alice_kosmos	online	2022-12-01T22:12Z	2022-12-02T06:52Z	520	1	
alice_kosmos	online	2022-12-02T22:27Z	2022-12-03T05:49Z	442		
alice_kosmos	online	2022-12-04T00:24Z	2022-12-04T08:25Z	481		
alice_kosmos	online	2022-12-06T20:15Z	2022-12-07T06:19Z	604	2	
alice_kosmos	online	2022-12-07T20:15Z	2022-12-08T05:34Z	559		
alice_kosmos	online	2022-12-08T20:51Z	2022-12-08T21:01Z	10		
alice_kosmos	online	2022-12-09T20:15Z	2022-12-10T06:16Z	601		
alice_kosmos	online	2022-12-10T20:27Z	2022-12-11T04:43Z	496		
alice_kosmos	online	2022-12-13T20:27Z	2022-12-14T04:28Z	481	2	
alice_kosmos	online	2022-12-14T20:21Z	2022-12-15T06:14Z	593		
alice_kosmos	online	2022-12-22T21:18Z	2022-12-23T05:19Z	481	7	
alice_kosmos	online	2022-12-25T00:15Z	2022-12-25T07:31Z	436	1	
alice_kosmos	online	2023-01-05T21:39Z	2023-01-06T01:49Z	250	10	
alice_kosmos	online	2023-01-06T22:57Z	2023-01-07T04:22Z	325		
alice_kosmos	online	2023-01-08T21:03Z	2023-01-09T05:13Z	490	1	
alice_kosmos	online	2023-01-19T21:48Z	2023-01-20T04:29Z	401	10	
alice_kosmos	online	2023-01-20T21:18Z	2023-01-21T02:10Z	292		
alice_kosmos	online	2023-01-21T21:18Z	2023-01-22T03:49Z	391		
alice_kosmos	online	2023-01-23T21:45Z	2023-01-24T05:31Z	466	1	
alice_kosmos	online	2023-01-28T21:54Z	2023-01-29T04:49Z	415	4	
alice_kosmos	online	2023-01-29T23:27Z	2023-01-30T06:16Z	409		
alice_kosmos	online	2023-01-30T22:48Z	2023-01-31T04:19Z	331		
alice_kosmos	online	2023-02-01T21:21Z	2023-02-02T08:34Z	673		
alice_kosmos	online	2023-02-04T22:18Z	2023-02-05T06:31Z	493	2	
alice_kosmos	online	2023-03-06T20:45Z	2023-03-07T02:25Z	340	29	üîù; new apartment
alice_kosmos	online	2023-03-07T21:03Z	2023-03-07T23:10Z	127		offline 21:40 to 21:59
alice_kosmos	online	2023-03-17T20:57Z	2023-03-18T04:28Z	451	9	
alice_kosmos	online	2023-03-20T21:18Z	2023-03-21T05:22Z	484	2	
alice_kosmos	online	2023-03-23T23:15Z	2023-03-24T05:28Z	373	2	
alice_kosmos	online	2023-03-31T22:39Z	2023-04-01T04:58Z	379	7	
alice_kosmos	online	2023-04-01T23:03Z	2023-04-02T03:40Z	277		
alice_kosmos	online	2023-04-02T22:57Z	2023-04-03T05:22Z	385		
alice_kosmos	online	2023-04-06T01:06Z	2023-04-06T05:13Z	247	2	
alice_kosmos	online	2023-04-25T21:54Z	2023-04-26T06:46Z	532	19	
alice_kosmos	online	2023-04-26T22:24Z	2023-04-27T06:58Z	514		
alice_kosmos	online	2023-04-27T21:18Z	2023-04-28T04:52Z	454		
alice_kosmos	online	2023-04-29T22:00Z	2023-04-30T06:52Z	532	1	
alice_kosmos	online	2023-05-01T21:15Z	2023-05-02T05:31Z	496		
alice_kosmos	online	2023-05-02T22:18Z	2023-05-03T02:01Z	223		
alice_kosmos	online	2023-05-04T22:03Z	2023-05-05T04:58Z	415	1	
alice_kosmos	online	2023-05-05T22:48Z	2023-05-06T02:28Z	220		
alice_kosmos	online	2023-05-06T21:30Z	2023-05-07T05:37Z	487		
alice_kosmos	online	2023-05-07T22:15Z	2023-05-08T07:10Z	535		
alice_kosmos	online	2023-05-09T22:21Z	2023-05-10T07:10Z	529	1	
alice_kosmos	online	2023-05-13T03:24Z	2023-05-13T06:13Z	169	2	
alice_kosmos	online	2023-05-13T23:03Z	2023-05-14T06:43Z	460		
alice_kosmos	online	2023-05-19T00:21Z	2023-05-19T08:07Z	466	4	
alice_kosmos	online	2023-05-19T22:54Z	2023-05-20T05:49Z	415		
alice_kosmos	online	2023-05-20T23:06Z	2023-05-21T06:28Z	442		
alice_kosmos	online	2023-05-22T00:48Z	2023-05-22T08:37Z	469		
alice_kosmos	online	2023-05-23T23:39Z	2023-05-24T05:22Z	343	1	
alice_kosmos	online	2023-05-25T00:42Z	2023-05-25T06:25Z	343		
alice_kosmos	online	2023-05-25T23:51Z	2023-05-26T07:01Z	430		offline 04:10 to 04:56
alice_kosmos	online	2023-05-27T23:21Z	2023-05-28T05:10Z	349	1	
alice_kosmos	online	2023-05-30T22:57Z	2023-05-31T03:55Z	298	2	
alice_kosmos	online	2023-06-22T19:36Z	2023-06-23T00:46Z	310	22	
alice_kosmos	online	2023-07-04T23:12Z	2023-07-05T05:13Z	361	11	
alice_kosmos	online	2023-07-12T20:18Z	2023-07-13T00:37Z	259	7	connection degraded
alice_kosmos	online	2023-07-13T20:03Z	2023-07-14T00:46Z	283		
alice_kosmos	online	2023-07-25T22:36Z	2023-07-26T01:43Z	187	11	
alice_kosmos	online	2023-07-27T21:48Z	2023-07-28T03:46Z	358	1	connection degraded
alice_kosmos	online	2023-07-31T22:12Z	2023-08-01T05:28Z	436	3	
alice_kosmos	online	2023-08-05T23:33Z	2023-08-06T05:46Z	373	4	
alice_kosmos	online	2023-08-06T23:00Z	2023-08-07T04:13Z	313		
alice_kosmos	online	2023-08-07T22:30Z	2023-08-08T04:28Z	358		
alice_kosmos	online	2023-08-13T21:18Z	2023-08-14T00:31Z	193	5	
alice_kosmos	online	2023-08-15T22:09Z	2023-08-16T02:22Z	253	1	
alice_kosmos	online	2023-08-16T22:21Z	2023-08-17T02:13Z	232		
alice_kosmos	online	2023-08-19T21:54Z	2023-08-20T02:13Z	259	2	
alice_kosmos	online	2023-08-28T21:33Z	2023-08-29T02:19Z	286	8	
alice_kosmos	online	2023-09-01T22:00Z	2023-09-02T02:40Z	280	3	
alice_kosmos	online	2023-09-03T23:03Z	2023-09-04T01:46Z	163	1	
alice_kosmos	online	2023-09-29T22:54Z	2023-09-30T03:16Z	262	25	üîù
alice_kosmos	online	2023-10-02T23:33Z	2023-10-03T04:01Z	268	2	
alice_kosmos	online	2023-10-03T23:33Z	2023-10-04T05:16Z	343		
alice_kosmos	online	2023-10-04T22:06Z	2023-10-05T05:16Z	430		
alice_kosmos	online	2023-10-06T23:06Z	2023-10-07T04:49Z	343	1	
alice_kosmos	online	2023-10-07T21:57Z	2023-10-08T03:46Z	349		
alice_kosmos	online	2023-10-09T21:39Z	2023-10-10T05:46Z	487	1	
alice_kosmos	online	2023-10-11T22:42Z	2023-10-12T05:07Z	385	1	
alice_kosmos	online	2023-10-14T22:36Z	2023-10-15T07:10Z	514	2	
alice_kosmos	online	2023-10-15T23:09Z	2023-10-16T05:49Z	400		
alice_kosmos	online	2023-10-21T00:27Z	2023-10-21T06:07Z	340	4	
alice_kosmos	online	2023-10-25T20:15Z	2023-10-26T08:07Z	712	4	
alice_kosmos	online	2023-10-27T23:06Z	2023-10-28T08:43Z	577	1	
alice_kosmos	online	2023-10-28T22:58Z	2023-10-29T08:34Z	576		
alice_kosmos	online	2023-10-29T23:18Z	2023-10-30T06:37Z	439		
alice_kosmos	online	2023-10-31T01:00Z	2023-10-31T07:40Z	400		
alice_kosmos	online	2023-11-09T16:06Z	2023-11-10T01:43Z	577	9	
alice_kosmos	online	2023-11-10T15:51Z	2023-11-11T00:43Z	532		
alice_kosmos	online	2023-11-11T17:24Z	2023-11-11T23:04Z	340		
alice_kosmos	online	2023-11-12T17:30Z	2023-11-13T05:34Z	724		offline 06:01 to 07:02
alice_kosmos	online	2023-11-13T18:27Z	2023-11-14T05:07Z	640		
alice_kosmos	online	2023-11-14T19:30Z	2023-11-15T05:19Z	589		
alice_kosmos	online	2023-11-15T18:00Z	2023-11-16T05:49Z	709		offline 23:22 to 23:41
alice_kosmos	online	2023-11-19T20:48Z	2023-11-20T05:46Z	538	3	
alice_kosmos	online	2023-11-20T21:09Z	2023-11-21T05:19Z	490		
alice_kosmos	online	2023-11-22T21:30Z	2023-11-23T04:25Z	415	1	
alice_kosmos	online	2023-11-23T22:21Z	2023-11-24T06:37Z	496		offline 00:58 to 01:47
alice_kosmos	online	2023-11-24T22:30Z	2023-11-25T07:07Z	517		
alice_kosmos	online	2023-11-27T22:06Z	2023-11-28T07:10Z	544	2	offline 23:31 to 00:44
alice_kosmos	online	2023-11-28T22:15Z	2023-11-29T05:16Z	421		
alice_kosmos	online	2023-11-29T22:57Z	2023-11-30T06:40Z	463		
alice_kosmos	online	2023-12-02T22:48Z	2023-12-03T05:58Z	430	2	
alice_kosmos	online	2023-12-03T23:09Z	2023-12-04T06:52Z	463		
alice_kosmos	online	2023-12-05T22:36Z	2023-12-06T06:28Z	472	1	
alice_kosmos	online	2023-12-06T22:42Z	2023-12-07T07:04Z	502		
alice_kosmos	online	2023-12-08T22:45Z	2023-12-09T05:16Z	391	1	
alice_kosmos	online	2023-12-11T23:18Z	2023-12-12T05:43Z	385	2	
alice_kosmos	online	2023-12-12T22:54Z	2023-12-13T07:31Z	517		offline 02:37 to 03:02
alice_kosmos	online	2023-12-13T22:54Z	2023-12-14T06:43Z	469		
alice_kosmos	online	2023-12-14T22:18Z	2023-12-15T04:43Z	385		
alice_kosmos	online	2023-12-16T23:36Z	2023-12-17T06:01Z	385	1	
alice_kosmos	online	2023-12-17T22:48Z	2023-12-18T05:34Z	406		
alice_kosmos	online	2023-12-20T22:24Z	2023-12-21T06:04Z	460	2	
alice_kosmos	online	2023-12-21T23:33Z	2023-12-22T06:16Z	403		
alice_kosmos	online	2023-12-23T23:15Z	2023-12-24T06:25Z	430	1	
alice_kosmos	online	2023-12-24T22:24Z	2023-12-25T07:07Z	523		
alice_kosmos	online	2023-12-25T22:33Z	2023-12-26T05:19Z	406		üéÑ
alice_kosmos	online	2024-01-08T23:57Z	2024-01-09T12:45Z	768	13	offline 09:37 to 10:35
alice_kosmos	online	2024-01-12T23:57Z	2024-01-13T09:34Z	577	3	offline 04:31 to 06:44
alice_kosmos	online	2024-01-15T01:57Z	2024-01-15T10:43Z	526	1	
alice_kosmos	online	2024-01-16T01:09Z	2024-01-16T09:43Z	514		
alice_kosmos	online	2024-01-17T02:06Z	2024-01-17T09:52Z	466		
alice_kosmos	online	2024-01-18T22:51Z	2024-01-19T05:25Z	394	1	
alice_kosmos	online	2024-01-22T03:33Z	2024-01-22T12:37Z	544	2	
alice_kosmos	online	2024-01-23T01:51Z	2024-01-23T10:16Z	505		
alice_kosmos	online	2024-01-23T23:12Z	2024-01-24T07:49Z	517		
alice_kosmos	online	2024-02-15T22:03Z	2024-02-16T02:31Z	268	22	
alice_kosmos	online	2024-02-18T22:57Z	2024-02-19T06:01Z	424	2	
alice_kosmos	online	2024-02-19T22:42Z	2024-02-20T06:43Z	481		
alice_kosmos	online	2024-02-20T21:57Z	2024-02-21T05:28Z	451		
alice_kosmos	online	2024-02-22T22:12Z	2024-02-23T06:37Z	505	1	
alice_kosmos	online	2024-02-23T23:24Z	2024-02-24T09:55Z	631		
alice_kosmos	online	2024-02-24T23:27Z	2024-02-25T07:55Z	508		
alice_kosmos	online	2024-02-26T00:03Z	2024-02-26T02:13Z	130		
alice_kosmos	online	2024-02-27T01:06Z	2024-02-27T05:43Z	277		
alice_kosmos	online	2024-02-29T01:27Z	2024-02-29T08:58Z	451	1	
alice_kosmos	online	2024-03-01T01:18Z	2024-03-01T09:01Z	463		
alice_kosmos	online	2024-03-02T03:21Z	2024-03-02T07:16Z	235		
alice_kosmos	online	2024-03-05T06:51Z	2024-03-05T14:34Z	463	2	
alice_kosmos	online	2024-03-09T09:36Z	2024-03-09T17:58Z	502	3	
alice_kosmos	online	2024-03-11T08:36Z	2024-03-11T18:37Z	601	1	
alice_kosmos	online	2024-03-12T09:30Z	2024-03-12T12:54Z	204		
alice_kosmos	online	2024-03-13T10:33Z	2024-03-13T20:07Z	574		
alice_kosmos	online	2024-03-15T11:03Z	2024-03-15T21:37Z	634	1	offline 14:43 to 15:35
alice_kosmos	online	2024-03-16T07:45Z	2024-03-16T16:25Z	520		
alice_kosmos	online	2024-03-17T07:48Z	2024-03-17T16:22Z	514		
alice_kosmos	online	2024-03-19T08:51Z	2024-03-19T18:46Z	595	1	offline 09:52 to 11:11
alice_kosmos	online	2024-04-19T14:12Z	2024-04-19T23:58Z	586	30	üîù
alice_kosmos	online	2024-04-20T13:45Z	2024-04-20T20:46Z	421		
alice_kosmos	online	2024-05-04T17:06Z	2024-05-05T00:46Z	460	14	
alice_kosmos	online	2024-05-05T19:54Z	2024-05-06T02:25Z	391		
alice_kosmos	online	2024-05-06T17:42Z	2024-05-07T03:01Z	559		
alice_kosmos	online	2024-05-08T15:57Z	2024-05-09T02:07Z	610	1	
alice_kosmos	online	2024-05-10T15:57Z	2024-05-11T04:13Z	736	1	
alice_kosmos	online	2024-05-11T16:48Z	2024-05-12T03:04Z	616		
alice_kosmos	online	2024-05-13T19:12Z	2024-05-14T03:16Z	484	1	
alice_kosmos	online	2024-05-14T22:21Z	2024-05-15T01:43Z	202		
alice_kosmos	online	2024-05-16T16:45Z	2024-05-17T03:16Z	631	1	
alice_kosmos	online	2024-06-05T18:03Z	2024-06-06T03:04Z	541	19	
alice_kosmos	online	2024-06-06T19:51Z	2024-06-07T03:34Z	463		
alice_kosmos	online	2024-06-08T21:39Z	2024-06-09T05:19Z	460	1	
alice_kosmos	online	2024-06-09T21:42Z	2024-06-10T03:58Z	376		
alice_kosmos	online	2024-06-11T22:27Z	2024-06-12T04:49Z	382	1	
alice_kosmos	online	2024-06-12T18:03Z	2024-06-13T02:40Z	517		
alice_kosmos	online	2024-06-15T22:36Z	2024-06-16T06:22Z	466	2	
alice_kosmos	online	2024-06-19T21:09Z	2024-06-20T05:37Z	508	3	
alice_kosmos	online	2024-06-21T21:42Z	2024-06-22T04:04Z	382	1	
alice_kosmos	online	2024-07-05T00:06Z	2024-07-05T03:15Z	189	12	üá∫üá∏; recovering from cold; no lush, no obs text (levels)
alice_kosmos	online	2024-07-26T03:22Z	2024-07-26T05:52Z	150	20	no lush (time of month)
alice_kosmos	online	2024-07-27T01:31Z	2024-07-27T08:28Z	417		no lush at start (time of month)
alice_kosmos	online	2024-07-28T22:07Z	2024-07-29T05:34Z	447	1	
alice_kosmos	online	2024-07-29T23:27Z	2024-07-30T07:18Z	471		
alice_kosmos	online	2024-07-30T23:32Z	2024-07-31T07:29Z	477		
alice_kosmos	online	2024-08-01T23:27Z	2024-08-02T06:50Z	443	1	
alice_kosmos	online	2024-08-02T23:07Z	2024-08-03T06:32Z	445		
alice_kosmos	online	2024-08-03T23:22Z	2024-08-04T06:18Z	416		
alice_kosmos	online	2024-08-04T22:05Z	2024-08-05T00:43Z	158		
alice_kosmos	online	2024-08-05T23:02Z	2024-08-06T05:02Z	360		
alice_kosmos	online	2024-08-07T22:33Z	2024-08-08T10:35Z	722	1	
alice_kosmos	online	2024-08-09T22:55Z	2024-08-10T07:33Z	518	1	
alice_kosmos	online	2024-08-10T22:26Z	2024-08-11T07:45Z	559		
alice_kosmos	online	2024-08-13T12:30Z	2024-08-13T13:01Z	31	2	
alice_kosmos	online	2024-08-14T12:08Z	2024-08-14T19:59Z	471		
alice_kosmos	online	2024-08-17T11:10Z	2024-08-17T19:37Z	507	2	
alice_kosmos	online	2024-08-18T10:15Z	2024-08-18T15:31Z	316		
alice_kosmos	online	2024-08-19T12:18Z	2024-08-19T13:36Z	78		
alice_kosmos	online	2024-08-20T10:15Z	2024-08-20T17:38Z	443		
alice_kosmos	online	2024-08-21T11:12Z	2024-08-21T19:00Z	468		
alice_kosmos	online	2024-08-22T07:49Z	2024-08-22T11:23Z	214		
alice_kosmos	online	2024-08-24T08:10Z	2024-08-24T15:53Z	463	1	
alice_kosmos	online	2024-09-03T10:22Z	2024-09-03T17:59Z	457	9	birthday; hairbrush "paddle"
alice_kosmos	online	2024-09-13T10:30Z	2024-09-13T19:08Z	518	9	offline 16:44 to 17:20
alice_kosmos	online	2024-09-16T10:16Z	2024-09-16T17:43Z	447	2	offline 10:46 to 11:35
alice_kosmos	online	2024-10-03T10:22Z	2024-10-03T15:45Z	323	16	back from vacation in the mountains
alice_kosmos	online	2024-11-04T17:12Z	2024-11-04T23:48Z	396	31	üîùüîù; back from family matters; new splash screens
alice_kosmos	online	2024-11-29T18:44Z	2024-11-30T01:45Z	421	24	back from further family matters
alice_kosmos	online	2024-11-30T18:00Z	2024-12-01T01:49Z	469		‚Äî vaginal health / no penetration (approximate) ‚Äî
alice_kosmos	online	2024-12-17T21:06Z	2024-12-18T01:45Z	279	16	
alice_kosmos	online	2024-12-18T18:00Z	2024-12-19T01:55Z	475		
alice_kosmos	online	2024-12-19T18:15Z	2024-12-20T01:34Z	439		
alice_kosmos	online	2024-12-20T19:02Z	2024-12-21T01:24Z	382		
alice_kosmos	online	2024-12-23T20:25Z	2024-12-24T02:18Z	353	2	
alice_kosmos	online	2024-12-26T18:54Z	2024-12-27T02:15Z	441	2	
alice_kosmos	online	2024-12-27T18:27Z	2024-12-28T02:11Z	464		
alice_kosmos	online	2025-01-05T20:41Z	2025-01-06T04:06Z	445	8	offline 01:06 to 01:36
alice_kosmos	online	2025-01-06T20:06Z	2025-01-07T01:40Z	334		
alice_kosmos	online	2025-01-09T21:39Z	2025-01-10T05:10Z	451	2	offline 23:18 to 23:57
alice_kosmos	online	2025-01-12T21:06Z	2025-01-13T05:13Z	487	2	offline 00:00 to 00:33
alice_kosmos	online	2025-01-13T00:33Z	2025-01-13T05:13Z	280		
alice_kosmos	online	2025-01-13T20:48Z	2025-01-14T05:04Z	496		
alice_kosmos	online	2025-01-16T21:36Z	2025-01-17T05:07Z	451	2	
alice_kosmos	online	2025-01-17T21:12Z	2025-01-18T05:22Z	490		
alice_kosmos	online	2025-01-19T21:51Z	2025-01-20T05:13Z	442	1	
alice_kosmos	online	2025-01-21T21:54Z	2025-01-22T04:19Z	385	1	
alice_kosmos	online	2025-01-22T22:00Z	2025-01-23T05:43Z	463		
alice_kosmos	online	2025-01-23T22:09Z	2025-01-24T03:49Z	340		offline 22:33 to 22:51
alice_kosmos	online	2025-01-27T22:27Z	2025-01-28T06:28Z	481	3	
alice_kosmos	online	2025-01-28T22:54Z	2025-01-29T06:49Z	475		
alice_kosmos	online	2025-01-30T23:15Z	2025-01-31T07:34Z	499	1	
alice_kosmos	online	2025-01-31T22:27Z	2025-02-01T05:04Z	397		
alice_kosmos	online	2025-02-02T23:06Z	2025-02-03T06:43Z	457	1	
alice_kosmos	online	2025-02-16T23:06Z	2025-02-17T06:34Z	448	13	
alice_kosmos	online	2025-02-17T23:06Z	2025-02-18T05:10Z	364		
alice_kosmos	online	2025-02-19T00:27Z	2025-02-19T05:58Z	331		
alice_kosmos	online	2025-02-21T00:57Z	2025-02-21T08:13Z	436	1	
alice_kosmos	online	2025-02-21T21:45Z	2025-02-22T05:55Z	490		
alice_kosmos	online	2025-03-12T20:12Z	2025-03-13T01:22Z	310	18	
alice_kosmos	online	2025-03-13T19:12Z	2025-03-14T00:46Z	334		
alice_kosmos	online	2025-03-18T21:36Z	2025-03-19T03:10Z	334	4	
alice_kosmos	online	2025-03-23T21:09Z	2025-03-24T02:55Z	346	4	
alice_kosmos	online	2025-03-26T21:03Z	2025-03-27T04:04Z	421	2	
alice_kosmos	online	2025-03-27T19:42Z	2025-03-28T03:34Z	472		
alice_kosmos	online	2025-04-04T21:39Z	2025-04-05T05:07Z	448	7	
alice_kosmos	online	2025-04-07T23:03Z	2025-04-08T02:55Z	232	2	
alice_kosmos	online	2025-04-08T21:18Z	2025-04-09T00:25Z	187		
alice_kosmos	online	2025-05-06T21:01Z	2025-05-07T03:37Z	396	27	brief start at 20:28
alice_kosmos	online	2025-05-07T21:06Z	2025-05-08T03:20Z	374		
alice_kosmos	online	2025-05-08T21:59Z	2025-05-09T05:15Z	436		
alice_kosmos	online	2025-05-09T01:44Z	2025-05-09T05:19Z	215		
alice_kosmos	online	2025-05-10T21:40Z	2025-05-11T04:54Z	434	1	
alice_kosmos	online	2025-05-12T21:26Z	2025-05-13T03:11Z	345	1	offline 02:48 to 03:06
alice_kosmos	online	2025-05-13T21:45Z	2025-05-14T05:31Z	466		
alice_kosmos	online	2025-05-14T22:06Z	2025-05-15T04:24Z	378		
alice_kosmos	online	2025-05-16T21:21Z	2025-05-17T05:17Z	476	1	
alice_kosmos	online	2025-05-20T21:26Z	2025-05-21T04:22Z	416	3	
alice_kosmos	online	2025-05-23T23:43Z	2025-05-24T05:40Z	357	2	
alice_kosmos	online	2025-05-26T23:59Z	2025-05-27T07:19Z	440	2	
alice_kosmos	online	2025-05-30T00:00Z	2025-05-30T05:42Z	342	2	
alice_kosmos	online	2025-05-31T00:35Z	2025-05-31T05:53Z	318		
alice_kosmos	online	2025-06-02T23:54Z	2025-06-03T07:20Z	446	2	
alice_kosmos	online	2025-06-05T23:18Z	2025-06-06T06:36Z	438	2	
alice_kosmos	online	2025-06-15T00:35Z	2025-06-15T07:40Z	425	8	
alice_kosmos	online	2025-06-15T23:53Z	2025-06-16T03:06Z	193		
alice_kosmos	online	2025-06-19T00:31Z	2025-06-19T06:26Z	355	2	
alice_kosmos	online	2025-06-20T00:45Z	2025-06-20T06:11Z	326		
alice_kosmos	online	2025-06-21T00:25Z	2025-06-21T06:24Z	359		
alice_kosmos	online	2025-06-22T00:43Z	2025-06-22T06:50Z	367		
alice_kosmos	online	2025-07-28T22:15Z	2025-07-29T04:14Z	359	35	üîùüîù
alice_kosmos	online	2025-07-30T20:41Z	2025-07-31T04:40Z	479	1	
alice_kosmos	online	2025-08-03T21:01Z	2025-08-03T23:55Z	174	3	Alice having internet connectivity problems
alice_kosmos	online	2025-08-09T21:51Z	2025-08-10T08:16Z	625	5	
alice_kosmos	online	2025-08-10T20:18Z	2025-08-11T04:19Z	481		
alice_kosmos	online	2025-08-12T20:24Z	2025-08-13T06:46Z	622	1	offline 00:55 to 01:20
alice_kosmos	online	2025-08-13T21:33Z	2025-08-14T06:22Z	529		
alice_kosmos	online	2025-08-14T21:39Z	2025-08-14T23:55Z	136		
alice_kosmos	online	2025-08-17T21:51Z	2025-08-18T01:49Z	238	2	
alice_kosmos	online	2025-08-18T22:42Z	2025-08-19T06:46Z	484		
alice_kosmos	online	2025-08-19T22:30Z	2025-08-20T05:52Z	442		
alice_kosmos	online	2025-08-21T22:03Z	2025-08-22T07:04Z	541	1	
alice_kosmos	online	2025-08-23T22:09Z	2025-08-24T07:42Z	573	1	
alice_kosmos	online	2025-08-24T22:48Z	2025-08-25T01:43Z	175		
alice_kosmos	online	2025-08-26T21:27Z	2025-08-27T04:16Z	409	1	
alice_kosmos	online	2025-09-03T02:51Z	2025-09-03T12:31Z	580	7	
alice_kosmos	online	2025-09-04T01:57Z	2025-09-04T05:07Z	190		
alice_kosmos	online	2025-09-06T00:15Z	2025-09-06T06:31Z	376	1	
alice_kosmos	online	2025-09-07T00:00Z	2025-09-07T07:28Z	448		
alice_kosmos	online	2025-09-08T00:06Z	2025-09-08T01:40Z	94		
alice_kosmos	online	2025-09-11T20:51Z	2025-09-12T03:46Z	415	2	
alice_kosmos	online	2025-09-12T21:54Z	2025-09-13T05:01Z	427		
alice_kosmos	online	2025-09-13T21:57Z	2025-09-14T04:43Z	406		
alice_kosmos	online	2025-09-20T01:39Z	2025-09-20T09:46Z	487	5	
alice_kosmos	online	2025-09-20T23:30Z	2025-09-21T08:31Z	541		ticket show w/ dildo f*ck
alice_kosmos	online	2025-09-21T23:18Z	2025-09-22T05:46Z	388		
alice_kosmos	online	2025-09-23T21:30Z	2025-09-24T06:16Z	526	1	
alice_kosmos	online	2025-10-12T23:24Z	2025-10-13T07:46Z	502	17	
